{
    "station": "Fort William",
    "forecast_date": "2025-05-19",
    "weather_forecast": [
        {
            "Date": "2025-05-19",
            "Temperature": 29.78,
            "Solar_Radiation": 286.25,
            "Wind_Speed": 3.865,
            "Relative_Humidity": 71.0
        },
        {
            "Date": "2025-05-20",
            "Temperature": 32.8175,
            "Solar_Radiation": 285.3125,
            "Wind_Speed": 5.68375,
            "Relative_Humidity": 60.0
        },
        {
            "Date": "2025-05-21",
            "Temperature": 31.8975,
            "Solar_Radiation": 145.9375,
            "Wind_Speed": 4.91,
            "Relative_Humidity": 63.875
        },
        {
            "Date": "2025-05-22",
            "Temperature": 30.973749999999995,
            "Solar_Radiation": 70.9375,
            "Wind_Speed": 3.7487500000000002,
            "Relative_Humidity": 64.375
        },
        {
            "Date": "2025-05-23",
            "Temperature": 29.6875,
            "Solar_Radiation": 121.87500000000001,
            "Wind_Speed": 3.2,
            "Relative_Humidity": 70.375
        },
        {
            "Date": "2025-05-24",
            "Temperature": 31.461732735339687,
            "Solar_Radiation": 102.44014022042248,
            "Wind_Speed": 4.220394639292193,
            "Relative_Humidity": 62.48803986670527
        },
        {
            "Date": "2025-05-25",
            "Temperature": 31.541119223462644,
            "Solar_Radiation": 103.84327408603619,
            "Wind_Speed": 3.8586876544174564,
            "Relative_Humidity": 68.31266135966104
        },
        {
            "Date": "2025-05-26",
            "Temperature": 33.14761984830741,
            "Solar_Radiation": 111.82483738910692,
            "Wind_Speed": 3.7116886555600024,
            "Relative_Humidity": 64.54151613515103
        }
    ],
    "pm25_predictions": {
        "Model Tree": [
            45.28,
            19.4,
            23.94,
            35.65,
            40.24,
            35.65,
            40.24,
            33.84
        ],
        "NLR": [
            38.3868,
            24.431800000000013,
            28.566800000000004,
            33.558200000000014,
            39.8442,
            31.137200000000007,
            39.3078,
            35.42380000000001
        ],
        "Random Forest": [
            38.25449999999999,
            24.11020000000003,
            28.449100000000026,
            33.86360000000005,
            39.99880000000004,
            30.97380000000003,
            38.97900000000002,
            34.37940000000003
        ],
        "Logistic Regression": [
            15.29952881630241,
            5.198117801978681,
            8.209393003038606,
            10.879396988243428,
            14.71766125776655,
            8.88225852850153,
            12.376816916798623,
            10.711267071602702
        ]
    },
    "best_model": "Random Forest",
    "model_rmse": 2.975776573714275
}